{
  "total_files": 62,
  "processed_files": 61,
  "total_original_chars": 1034781,
  "total_cleaned_chars": 536399,
  "reduction_percent": 48.16304126187087,
  "timestamp": "2026-01-31T16:44:26.734479"
}